{
  "name": "MQ Helm CD (Single Template) \u2013 Git or JFrog",
  "description": "One template supports deploy/dryrun/rollback. Chart from Git or JFrog. Option 1 overlays live in Repo B.",
  "spec": [
    {
      "question_name": "Action",
      "question_description": "deploy=upgrade/install, dryrun=render only, rollback=rollback to revision",
      "required": true,
      "type": "multiplechoice",
      "variable": "action",
      "min": 0,
      "max": 0,
      "default": "deploy",
      "choices": "deploy\ndryrun\nrollback"
    },
    {
      "question_name": "Environment",
      "question_description": "dev/test/prod",
      "required": true,
      "type": "multiplechoice",
      "variable": "env",
      "min": 0,
      "max": 0,
      "default": "dev",
      "choices": "dev\ntest\nprod"
    },
    {
      "question_name": "Namespace / Project",
      "question_description": "OpenShift namespace/project (example mq-dev)",
      "required": true,
      "type": "text",
      "variable": "namespace",
      "min": 1,
      "max": 128,
      "default": "mq-dev"
    },
    {
      "question_name": "Application Name",
      "question_description": "Used to locate Repo B overlays: values/<app>/<env>/...",
      "required": true,
      "type": "text",
      "variable": "app_name",
      "min": 1,
      "max": 40,
      "default": "app1"
    },
    {
      "question_name": "Queue Manager Name",
      "question_description": "Used to compute release name mq-<qmgr>-<env>",
      "required": true,
      "type": "text",
      "variable": "qmgr_name",
      "min": 1,
      "max": 20,
      "default": "qm01"
    },
    {
      "question_name": "MQ Role Overlay",
      "question_description": "base uses only values.yaml; live adds values-live.yaml; recovery adds values-recovery.yaml (all from Repo B)",
      "required": true,
      "type": "multiplechoice",
      "variable": "mq_role",
      "min": 0,
      "max": 0,
      "default": "base",
      "choices": "base\nlive\nrecovery"
    },
    {
      "question_name": "Chart Source",
      "question_description": "git clones chart repo, jfrog pulls packaged chart from Artifactory Helm repo",
      "required": true,
      "type": "multiplechoice",
      "variable": "chart_source",
      "min": 0,
      "max": 0,
      "default": "git",
      "choices": "git\njfrog"
    },
    {
      "question_name": "Repo A Git URL (when chart_source=git)",
      "question_description": "Bitbucket URL for chart repo (Repo A)",
      "required": false,
      "type": "text",
      "variable": "chart_git_repo",
      "min": 0,
      "max": 256,
      "default": "https://bitbucket.company.com/scm/maas/mq-operator-helm.git"
    },
    {
      "question_name": "Repo A Branch (when chart_source=git)",
      "question_description": "Example: helm_cd",
      "required": false,
      "type": "text",
      "variable": "chart_git_branch",
      "min": 0,
      "max": 64,
      "default": "helm_cd"
    },
    {
      "question_name": "JFrog Helm Repo URL (when chart_source=jfrog)",
      "question_description": "Example: https://artifactory.company.com/artifactory/helm-mq",
      "required": false,
      "type": "text",
      "variable": "jfrog_helm_repo_url",
      "min": 0,
      "max": 256,
      "default": "https://artifactory.company.com/artifactory/helm-mq"
    },
    {
      "question_name": "JFrog Repo Alias (when chart_source=jfrog)",
      "question_description": "Local helm repo name, example: jfrog-mq",
      "required": false,
      "type": "text",
      "variable": "jfrog_repo_alias",
      "min": 0,
      "max": 64,
      "default": "jfrog-mq"
    },
    {
      "question_name": "Chart Name (when chart_source=jfrog)",
      "question_description": "Example: mq-operator-helm",
      "required": false,
      "type": "text",
      "variable": "chart_name",
      "min": 0,
      "max": 128,
      "default": "mq-operator-helm"
    },
    {
      "question_name": "Chart Version (optional for jfrog)",
      "question_description": "Pin version for prod (example: 1.2.3). Leave blank for latest.",
      "required": false,
      "type": "text",
      "variable": "chart_version",
      "min": 0,
      "max": 64,
      "default": ""
    },
    {
      "question_name": "Enable Helm Diff",
      "question_description": "true runs helm-diff plugin (EE must include it)",
      "required": false,
      "type": "multiplechoice",
      "variable": "enable_diff",
      "min": 0,
      "max": 0,
      "default": "false",
      "choices": "true\nfalse"
    },
    {
      "question_name": "Rollback Revision (only when action=rollback)",
      "question_description": "Helm revision number (example: 3)",
      "required": false,
      "type": "text",
      "variable": "rollback_revision",
      "min": 0,
      "max": 10,
      "default": ""
    },
    {
      "question_name": "Enforce env-in-namespace safety check",
      "question_description": "true fails if env string not in namespace",
      "required": false,
      "type": "multiplechoice",
      "variable": "enforce_env_in_namespace",
      "min": 0,
      "max": 0,
      "default": "true",
      "choices": "true\nfalse"
    }
  ]
}