{
  "$schema": "https://json-schema.org/draft-07/schema#",
  "type": "object",
  "properties": {
    "env": {
      "type": "string",
      "enum": [
        "dev",
        "test",
        "prod"
      ]
    },
    "qm": {
      "type": "object",
      "properties": {
        "name": {
          "type": "string",
          "minLength": 1
        }
      },
      "required": [
        "name"
      ],
      "additionalProperties": true
    },
    "config": {
      "type": "object",
      "properties": {
        "iniItem": {
          "type": "string"
        },
        "mqscItem": {
          "type": "string"
        },
        "ldapMqscItem": {
          "type": "string"
        }
      },
      "additionalProperties": false
    },
    "configMap": {
      "type": "object",
      "properties": {
        "create": {
          "type": "boolean"
        },
        "mqscContent": {
          "type": "string"
        },
        "iniContent": {
          "type": "string"
        }
      },
      "additionalProperties": false
    },
    "systemDefaults": {
      "type": "object",
      "properties": {
        "mqscContent": {
          "type": "string"
        }
      },
      "additionalProperties": false
    },
    "ldap": {
      "type": "object",
      "properties": {
        "create": {
          "type": "boolean"
        },
        "includeEnvInName": {
          "type": "boolean"
        },
        "envs": {
          "type": "object",
          "additionalProperties": true
        }
      },
      "additionalProperties": true
    }
  },
  "required": [
    "qm",
    "config"
  ],
  "additionalProperties": true
}